location,date,link,price,comp_name,full_name,currency,description,type
Bakı,04 28,https://tap.az/elanlar/elektronika/noutbuklar/44028828,500,Dell,"Noutbuk ""Dell Latitude 5480""",AZN,Dell Latitude 5480,individual_seller
Cəlilabad,04 28,https://tap.az/elanlar/elektronika/noutbuklar/44551741,600,Dell,Noutbuk “Dell Latitude”,AZN,"Core i7, SSD, 16RAM,",individual_seller
Bakı,04 28,https://tap.az/elanlar/elektronika/noutbuklar/43644740,750,Lenovo,Lenovo Thinkpad L13 Yoga,AZN,"Lenovo Thinkpad L13 Yoga
💻 Model: Lenovo Thinkpad L13 Yoga
✅ CPU: i5-1235U
✅ RAM: 16 GB
✅ GPU: INTEL UHD
✅ SSD: 512 GB
🖥 Display: 15.6 FHD X360 TouchScreen
✅ Windows 10 Pro
✅ Vəziyyət: ikinci əl
✅ Rəng: Ağ
📝 Zəmanət: 6 Ay
🔥 Kredit Var
👨🏻‍💻• Seçim etməkdə çətinliyiniz varsa təcrübəli komandamızdan dəstək ala bilərsiz.
🛵• Məhsullarımızı ünvanı tərk etmədən sifarişlə əldə edə bilərsiniz.
💳• Ödəniş Nağd, Taksit, Kredit və Köçürmə yolu ilə mümkündür.
📝• Sizə daha yaxşı xidmət göstərmək məqsədilə təklif və iradlarınız bizim üçün önəmlidir.
💻• Mağazamızdan Lenovo Thinkpad T470/ T480/ T490/ T490S/ L14/ T14S/ X13/ L13 Yoga/ X380/ X390/ X1 Carbon və s. modellərini əldə edə bilərsiniz.
---------------------------------------
🏪- Ünvan: AF Mall, 4-cü mərtəbə -> Tech Evo Computers
💳 - Birkart : var
🪪- Kredit : var
💳 - Köçürmə : var",shop
Bakı,04 28,https://tap.az/elanlar/elektronika/noutbuklar/41020642,1 099,Acer,"Noutbuk ""Acer Nitro 5""",AZN,"__𝐙𝐞𝐦𝐚𝐧𝐞𝐭𝐥𝐢 𝐍𝐨𝐭𝐞𝐛𝐨𝐨𝐤𝐥𝐚𝐫𝐢𝐧 𝐓𝐞𝐤 𝐔𝐧𝐯𝐚𝐧𝐢__
___Mağazada ŞƏXSİYƏT VƏSİQƏSİ və BİRKART TAMKARTLA 3-aydan 18-aya kimi Taksitli Satış vardır___
❗️DİQQƏT: Bizim Admızdan və Logomuzdan isdifadə edənlərə ALDANMAYIN❗️-ÜNVAN və Suallarnan Bağlı Aşağdakı Nömrə ilə Əlaqə Saxlayın❗️
✅Satış Mağazada Aparılır
💻Model: Acer Nitro 5
🎛Cpu: intel Core i7-7th nesil
📟Ram: 16GB(DDR4 artırmaqda olar isdəkdən asılı olaraq)
🎞Vga: Nvidia GTX 10510+intel 2gb(Up 24gb)- Ofis, Dizayn və Oyun üçün əlverişli
💾Hdd: 1TB (Health 100%)+ 256GB SSD (artirmaq olar isdəkdən asılı olaraq)
🖥 Ekran: FULL HD 15.6 Ledslim
🔋Batareya: 1-2saat
🔬Vəziyyəti: İdeal (heç bir problemi yoxdur)+ Super səs sistemi
📚Online Dərsə Yararlı
🔬Əlavə olaraq: Donma-Qızma YOXDUR
🛠Zəmanət: Rəsmi zəmanət + Yoxlama müddəti
🎁Hədiyyə: Çanta+Maus+Format+Proqramlar
💰Qiymət: 1099 AZN
🚩Qeyd: Bütün modeller işlənmişdir-Satışda elanda göstərilməyən 250 manatdan başlayaraq nootbuklarmiz var ""mağazanın digər elanlarından baxa bilərsiz""
#agaservice #agaservis #aga #servis #nootbuk #laptop #computer #kompyuter",shop
Bakı,04 28,https://tap.az/elanlar/elektronika/noutbuklar/41773106,600,Lenovo,Lenovo Thinkpad T490,AZN,"Model: Lenova Thinkpad T490
CPU: Intel® Core™ i5-8th
RAM: 16GB DDR4
SSD: 256GB M.2 NVMe™ PCILe®
Display: 14.3"" FHD
OS: Windows 11 PRO
Vəziyyət: 2ci əl
Rəng: Qara
Zəmanət: 6 Ay
Finger print",shop
Bakı,04 28,https://tap.az/elanlar/elektronika/noutbuklar/44551731,1 399,Apple Macbook,"Noutbuk ""Apple MacBook Air M2""",AZN,"MacBook Air M2
✨ İDEAL VƏZİYYƏTDƏ MACBOOK M2 AIR SATILIR! ✨",shop
Bakı,04 28,https://tap.az/elanlar/elektronika/noutbuklar/44551737,1 490,Acer,"Noutbuk ""Acer Nitro Core i5-12500H RTX 4060""",AZN,Əla vəzziyətdə. Sağlam güclü noutbuk. Açmadığı oyun proqram yoxdur. 32 RAM RTX 4060.,individual_seller
Bakı,04 28,https://tap.az/elanlar/elektronika/noutbuklar/44475071,1 850,Asus,Asus ROG GL553VD,AZN,"Məhsula ASUS tərəfindən əlavə RAM quraşdırılaraq ümumi yaddaş 24 GB-a qədər artırılıb. Heç bir problemi yoxdur. MacBook alacağım üçün satmağı düşünürəm. Bütün müasir oyunları oynamaq mümkündür. Freedos olaraq alınıb, lakin əlavə ödəniş edilərək orijinal Windows sistemi quraşdırılıb.",individual_seller
Bakı,04 28,https://tap.az/elanlar/elektronika/noutbuklar/44165375,850,Dell,Dell Latitude 5420,AZN,"Dell Latitude 5420
▫️Ətraflı şəkil və məlumat üçün DM-ya klik etməyiniz kifayətdir✨",shop
Bakı,04 28,https://tap.az/elanlar/elektronika/noutbuklar/44449665,749,Apple Macbook,Apple MacBook Pro A1708,AZN,🔔 Çox az və səliqəli işlədilmiş ikinci əl notbuk.,individual_seller
Bakı,04 28,https://tap.az/elanlar/elektronika/noutbuklar/43709780,1 549,HP,"Noutbuk ""HP Omen""",AZN,"__𝐙𝐞𝐦𝐚𝐧𝐞𝐭𝐥𝐢 𝐍𝐨𝐭𝐞𝐛𝐨𝐨𝐤𝐥𝐚𝐫𝐢𝐧 𝐓𝐞𝐤 𝐔𝐧𝐯𝐚𝐧𝐢__
Mağazada ŞƏXSİİYƏT VƏSİQƏSİ və BİRKART TAMKARTLA 3-aydan 18-aya kimi Taksitli Satış vardır
❗️DİQQƏT: Bizim Admızdan və Logomuzdan isdifadə edənlərə ALDANMAYIN❗️-ÜNVAN və Suallarnan Bağlı Aşağdakı Nömrə ilə Əlaqə Saxlayın❗️
✅Satış Mağazada Aparılır
💻Model: Hp Omen
🎛Cpu: intel Core i7-10th nesil
📟Ram: 16GB(DDR4 artırmaqda olar isdəkdən asılı olaraq)
🎞Vga: Nvıdıa RTX2060 6 gb- Ofis, Dizayn,Oyun üçün əlverişli
💾SSD: 512 GB(artirmaq olar isdəkdən asılı olaraq)
🖥 Ekran: FULL HD 144Hz
🔋Batareya:1-2saat
🔬Vəziyyəti: İdeal (heç bir problemi yoxdur)+ Super səs sistemi
📚Online Dərsə Yararlı
🔬Əlavə olaraq: Donma-Qızma YOXDUR
🛠Zəmanət: Rəsmi zəmanət + Yoxlama müddəti
🎁Hədiyyə: Çanta+Maus+Format+Proqramlar
💰Qiymət: 1549 AZN
🚩Qeyd: Bütün modeller işlənmişdir-Satışda elanda göstərilməyən 250 manatdan başlayaraq nootbuklarmiz var ""mağazanın digər elanlarından baxa bilərsiz""",shop
Bakı,04 28,https://tap.az/elanlar/elektronika/noutbuklar/39814093,530,HP,"Noutbuk ""HP Pavilion 15""",AZN,"⬛OFİSDE SECİM İMKANİ COXDUR
⬛Kohne madelleri vererek yenisin alin
------------------------------
⬛HP Pavilion 15
⬛Pro:Intel Core i5 8nesil
⬛Ram:8GB DD4
⬛Ekran karti: 4GB Intel HD
⬛Ekran Karti:4GB Radeon
⬛SSD:256GB Sata
⬛Ekran olcusu:15.6 HD
⬛Windows 10 Pro
⬛Yeni Partiya
⬛Zemanet orijinal mehsullar
⬛Qiymət:530AZN ENDIRIMDE
--------------------------------
⬛Xetai m/s Demirchi Tower",shop
Bakı,04 28,https://tap.az/elanlar/elektronika/noutbuklar/44519154,679,Acer,"Noutbuk ""Acer Aspire A315-58""",AZN,🔔 Çox az və səliqəli işlədilmiş ikinci əl notbuk.,individual_seller
Bakı,04 28,https://tap.az/elanlar/elektronika/noutbuklar/44521919,679,Dell,Dell Inspiron 3593,AZN,🔔 Çox səliqəli və təmiz istifadə olunmuş ikinci əl noutbuk.,individual_seller
Bakı,04 28,https://tap.az/elanlar/elektronika/noutbuklar/44512833,679,Dell,"Noutbuk ""Dell Latitude 7410""",AZN,🔔 Çox az və səliqəli işlədilmiş ikinci əl notbuk.,individual_seller
Bakı,04 28,https://tap.az/elanlar/elektronika/noutbuklar/43206350,550,Acer,Acer Aspire,AZN,"⬛ Kohne madelleri vererek yenisin alin
⬛Butun madeller ENDIRIMDE
⬛Cekilisle elaqeli ofisde olmaya bilerik.
⬛Onceden zeng etmeyiniz mutleqdir.
------------------------------
⬛Acer Aspire 15 (Sayca var )
⬛PRO:Intel Core i3 -11nesil
⬛Ram : 8 GB DD4 (Artirmaq olar)
⬛Ekran Karti: 4GB INTEL HD
⬛SSD :128GB M2 Sata (Yaddas)
⬛EKRAN OLCUSU :15.6 FHD
⬛WINDOWS:10 PRO
⬛DEMEK OLAR YENIDIR
⬛ZEMANETLE
⬛Qiymət:550Azn
--------------------------------
⬛Xetai mt/s Demirchi Tower",shop
Bakı,04 28,https://tap.az/elanlar/elektronika/noutbuklar/44365912,850,Acer,"Noutbuk ""Acer""",AZN,Acer Sensor Ekran ⭐ Sensor Ekranlı Güclü Noutbuk – Yeni Nəsil Performans ⭐,shop
Bakı,04 28,https://tap.az/elanlar/elektronika/noutbuklar/44515703,730,Dell,Dell Latitude 16GB ram 512 ssd,AZN,"Kompakt, yüngül və daşınması olduqca rahat .
Heç bir Problemi yoxdur , ustada olmayıb.
i7 processor ve 16GB Operativ yaddaş ilə istənilən proqramları asanlıqla istifadə etmek olar , 512GB SSD yaddaş.
-------------------
Processor : i7 - 1165G7 4.20 GHz
Ram : 16GB
Yaddaş : 512 GB SSD
Ekran : 14 inch FHD
Videokart : intel UHD
---------------------------------
🎁Windows 11+Office Programs
📄 1il Rəsmi zəmanət
---------------------
👑
Ünvan: 28 Mall-ın yanı AZİ ile uzbe-uz 9cu mağaza TeleStop
Satışda Topdan Qiymetlerle çeşidlerimiz çoxdur
------------------------------------
#noutbuk #notebook #komputer #kompyuter #laptop #asuszenbook14 #28may #latitude #asuszenbook #dell #delllatitude",individual_seller
Bakı,04 28,https://tap.az/elanlar/elektronika/noutbuklar/44425543,880,Apple Macbook,Apple MacBook Pro 15 inch 256GB/16GB Touchbar,AZN,Apple MacBook Pro 15 inch 256GB/16GB Touchbar (2017),individual_seller
Bakı,04 28,https://tap.az/elanlar/elektronika/noutbuklar/44551522,950,MSI,Noutbuk “MSİ”,AZN,"Ekran 14"" Full HD
Ssd-512gb
Ram ddr4-16gb
Cpu - intel i5-1355U
Gpu- intel iris Xe",individual_seller
